Size, Seed, Level, Seq, Par, Libc
100000, 97874983, 4, 0.017740, 0.006151, 0.017933
1000, 10849390, 2, 0.000107, 0.000313, 0.000140
1000, 40763310, 8, 0.000111, 0.004058, 0.000122
100, 6929674, 8, 0.000008, 0.002195, 0.000020
10000, 45525493, 2, 0.001367, 0.001021, 0.001592
10000, 5990575, 4, 0.001480, 0.001049, 0.001503
100000, 97874983, 8, 0.017638, 0.012428, 0.017987
1000000, 44053124, 4, 0.224317, 0.074188, 0.223616
1000000, 66034221, 2, 0.215976, 0.116855, 0.224006
100, 39449314, 4, 0.000009, 0.000622, 0.000011
100000, 66797791, 4, 0.020619, 0.005696, 0.018520
10000, 32890574, 6, 0.001342, 0.002218, 0.001436
100, 85407608, 6, 0.000008, 0.001448, 0.000012
100000, 81685261, 10, 0.019267, 0.067434, 0.019657
1000, 52739488, 8, 0.000114, 0.008413, 0.000120
100, 45256470, 2, 0.000010, 0.000217, 0.000012
1000000, 70362538, 2, 0.223885, 0.129000, 0.237472
10000, 75243821, 10, 0.001392, 0.047411, 0.001485
10000, 99526147, 2, 0.001537, 0.000917, 0.001645
100, 19520387, 2, 0.000008, 0.000237, 0.000014
1000000, 34438526, 6, 0.229715, 0.064269, 0.241563
1000, 68787479, 10, 0.000109, 0.019548, 0.000119
100000, 15582592, 6, 0.019248, 0.006019, 0.019193
1000, 54037029, 2, 0.000106, 0.000298, 0.000122
10000, 56490710, 8, 0.001942, 0.010019, 0.001577
100000, 20262078, 6, 0.019096, 0.007072, 0.019161
100000, 19067372, 10, 0.019159, 0.067850, 0.021456
100000, 30211849, 2, 0.023389, 0.012555, 0.018482
1000, 73115446, 6, 0.000109, 0.001682, 0.000124
100, 25209990, 10, 0.000009, 0.001917, 0.000011
100, 93350743, 8, 0.000009, 0.002139, 0.000011
1000000, 42859845, 2, 0.238457, 0.148923, 0.235034
1000000, 13720830, 8, 0.228850, 0.075939, 0.237184
1000000, 35813594, 10, 0.228887, 0.081691, 0.245340
10000, 67599709, 8, 0.001496, 0.008862, 0.001495
100, 25209990, 2, 0.000009, 0.000191, 0.000012
1000, 52739488, 4, 0.000120, 0.000561, 0.000122
100000, 81685261, 4, 0.018215, 0.006418, 0.018686
100, 3171073, 4, 0.000009, 0.000504, 0.000012
100000, 91748771, 8, 0.018801, 0.011365, 0.018510
1000, 81967033, 8, 0.000131, 0.005361, 0.000134
1000000, 23236069, 6, 0.229133, 0.123123, 0.236475
100, 71842339, 2, 0.000007, 0.000234, 0.000012
100000, 64442335, 8, 0.018506, 0.010516, 0.018648
10000, 99526147, 6, 0.001464, 0.002409, 0.001489
100000, 97113040, 4, 0.019125, 0.007751, 0.019523
1000, 2024320, 10, 0.000127, 0.017942, 0.000130
10000, 43347446, 2, 0.001490, 0.001336, 0.001648
100, 12942730, 8, 0.000008, 0.002013, 0.000011
100, 85407608, 2, 0.000009, 0.000145, 0.000011
1000, 79340271, 6, 0.000122, 0.001961, 0.000115
1000000, 54118889, 2, 0.239793, 0.161540, 0.238073
10000, 56671239, 2, 0.001545, 0.001360, 0.001442
100000, 19067372, 2, 0.020219, 0.016167, 0.020936
1000, 23260517, 8, 0.000139, 0.011456, 0.000161
1000000, 70362538, 8, 0.224009, 0.056662, 0.233550
1000000, 70362538, 6, 0.242074, 0.100231, 0.244446
10000, 99526147, 10, 0.001403, 0.050685, 0.001498
100, 36421778, 4, 0.000010, 0.000596, 0.000013
100000, 35190196, 2, 0.024050, 0.015408, 0.019430
100, 40807401, 6, 0.000009, 0.001648, 0.000012
100000, 94114917, 4, 0.018255, 0.011122, 0.019591
100, 85407608, 4, 0.000009, 0.000450, 0.000011
1000000, 65008076, 10, 0.229436, 0.106582, 0.232734
10000, 43347446, 8, 0.001664, 0.010377, 0.001501
1000, 98402345, 4, 0.000102, 0.000560, 0.000128
1000, 68787479, 4, 0.000103, 0.000497, 0.000130
100, 17419196, 10, 0.000009, 0.003502, 0.000028
1000, 40763310, 6, 0.000107, 0.001269, 0.000130
100000, 35190196, 6, 0.018573, 0.008510, 0.019732
10000, 75243821, 2, 0.001446, 0.001127, 0.001425
1000, 40763310, 10, 0.000108, 0.012225, 0.000126
100000, 75707398, 8, 0.018440, 0.012530, 0.022077
100000, 66797791, 8, 0.019516, 0.013149, 0.017982
1000000, 48631631, 6, 0.217616, 0.061577, 0.244111
100000, 97874983, 10, 0.018596, 0.056711, 0.018111
1000000, 80402368, 6, 0.223960, 0.054210, 0.239862
100000, 75707398, 4, 0.017989, 0.012798, 0.022000
100, 17419196, 4, 0.000008, 0.000398, 0.000012
10000, 30443004, 8, 0.001406, 0.010300, 0.001500
1000, 83739628, 6, 0.000114, 0.001703, 0.000129
100, 99834277, 8, 0.000009, 0.002232, 0.000012
1000000, 47832965, 8, 0.228500, 0.060155, 0.234206
100000, 67428494, 8, 0.020409, 0.012664, 0.019679
1000000, 93292891, 8, 0.235595, 0.064223, 0.231004
100, 4936171, 4, 0.000008, 0.000495, 0.000023
1000000, 80402368, 8, 0.225249, 0.053816, 0.242624
1000, 23260517, 4, 0.000121, 0.000681, 0.000121
100, 3171073, 2, 0.000008, 0.000171, 0.000010
1000000, 69516193, 4, 0.230961, 0.102826, 0.233791
100, 93350743, 6, 0.000010, 0.002289, 0.000013
100, 13282884, 8, 0.000008, 0.002754, 0.000011
10000, 44870870, 4, 0.001420, 0.001117, 0.001442
100000, 91748771, 4, 0.017784, 0.006119, 0.024953
10000, 67599709, 2, 0.001450, 0.001582, 0.001643
100, 19520387, 4, 0.000011, 0.001113, 0.000017
1000, 98402345, 6, 0.000124, 0.003306, 0.000143
1000000, 35813594, 2, 0.239008, 0.181047, 0.238551
100, 6929674, 2, 0.000008, 0.000172, 0.000021
100000, 15681689, 10, 0.020119, 0.063139, 0.022181
1000000, 69516193, 10, 0.227138, 0.093890, 0.247042
1000, 10849390, 4, 0.000117, 0.000629, 0.000126
100000, 32021699, 4, 0.018182, 0.006377, 0.020076
10000, 43347446, 4, 0.001495, 0.001190, 0.001531
1000000, 47832965, 6, 0.227243, 0.096093, 0.247728
100000, 67428494, 2, 0.021453, 0.011100, 0.022013
100, 71842339, 4, 0.000009, 0.000577, 0.000012
1000000, 80402368, 4, 0.239995, 0.086708, 0.235516
10000, 78580659, 6, 0.001416, 0.002373, 0.001556
10000, 5990575, 8, 0.001366, 0.011593, 0.001544
100000, 42161965, 6, 0.018228, 0.008787, 0.018817
1000000, 93292891, 6, 0.242197, 0.108747, 0.229272
100000, 75707398, 2, 0.020517, 0.008886, 0.020723
1000, 73115446, 2, 0.000106, 0.000295, 0.000122
1000000, 93292891, 10, 0.228737, 0.097904, 0.258806
100, 35975500, 2, 0.000009, 0.000176, 0.000011
10000, 75243821, 4, 0.001455, 0.000920, 0.001460
1000, 81967033, 2, 0.000108, 0.000271, 0.000119
100000, 30211849, 10, 0.018747, 0.059674, 0.025410
1000, 35598095, 4, 0.000126, 0.000626, 0.000120
1000000, 41329531, 8, 0.236690, 0.059241, 0.232179
100000, 81685261, 2, 0.017190, 0.014284, 0.020417
1000, 45399470, 10, 0.000109, 0.017151, 0.000130
1000, 83739628, 4, 0.000105, 0.000635, 0.000136
100000, 30211849, 8, 0.018109, 0.015185, 0.019335
100, 4936171, 10, 0.000008, 0.003622, 0.000012
10000, 35823625, 2, 0.001474, 0.000812, 0.001545
10000, 56671239, 10, 0.001461, 0.052341, 0.001404
1000000, 44053124, 6, 0.233872, 0.079006, 0.232369
100000, 66797791, 6, 0.018094, 0.007114, 0.018268
100, 3171073, 10, 0.000008, 0.003765, 0.000012
1000, 45092803, 10, 0.000111, 0.021097, 0.000127
1000, 45399470, 4, 0.000118, 0.000621, 0.000128
100000, 9347130, 2, 0.018856, 0.011510, 0.019686
100, 93350743, 4, 0.000008, 0.000592, 0.000013
100, 39449314, 6, 0.000008, 0.001821, 0.000027
10000, 35823625, 6, 0.001404, 0.002513, 0.001467
1000, 51378306, 2, 0.000140, 0.000233, 0.000123
100000, 81685261, 6, 0.018046, 0.006634, 0.021299
100000, 47364556, 2, 0.018023, 0.010928, 0.019986
100000, 47364556, 8, 0.019201, 0.009817, 0.021025
100000, 15582592, 8, 0.019984, 0.009925, 0.021058
1000, 79340271, 4, 0.000118, 0.000624, 0.000119
100, 13282884, 6, 0.000009, 0.001359, 0.000011
10000, 39861004, 10, 0.001446, 0.043924, 0.001425
1000000, 57631957, 4, 0.231599, 0.071520, 0.240156
100000, 20262078, 2, 0.021909, 0.015312, 0.020514
1000000, 54118889, 8, 0.224405, 0.078157, 0.246860
1000000, 66034221, 10, 0.227541, 0.085592, 0.239549
1000000, 65008076, 6, 0.220771, 0.076823, 0.235439
1000000, 47832965, 2, 0.219526, 0.126524, 0.234595
1000000, 42044899, 4, 0.243275, 0.120924, 0.232509
1000, 10849390, 10, 0.000115, 0.018146, 0.000146
1000000, 47832965, 4, 0.239031, 0.066235, 0.242971
100000, 67666059, 10, 0.018877, 0.065161, 0.019752
1000000, 65008076, 8, 0.224005, 0.067849, 0.253809
1000000, 54118889, 6, 0.230347, 0.073263, 0.236027
10000, 5990575, 6, 0.001672, 0.002498, 0.001530
10000, 45525493, 10, 0.001437, 0.032692, 0.001460
10000, 32028766, 4, 0.001576, 0.001099, 0.001505
100, 13282884, 10, 0.000009, 0.003634, 0.000012
1000, 98402345, 10, 0.000119, 0.020586, 0.000127
100000, 75707398, 6, 0.017526, 0.006467, 0.019960
10000, 81587587, 4, 0.001463, 0.001149, 0.001539
1000000, 57631957, 10, 0.222690, 0.118116, 0.260885
100000, 94114917, 8, 0.018270, 0.015712, 0.020692
100, 17419196, 2, 0.000008, 0.000160, 0.000012
10000, 45525493, 4, 0.001457, 0.001257, 0.001533
100, 3171073, 6, 0.000008, 0.000842, 0.000012
100000, 32021699, 8, 0.020279, 0.012116, 0.020246
1000000, 42044899, 2, 0.234936, 0.146412, 0.244796
1000, 68787479, 2, 0.000104, 0.000271, 0.000119
1000, 73115446, 4, 0.000117, 0.000602, 0.000149
100000, 67428494, 6, 0.017698, 0.006365, 0.019769
1000000, 34438526, 2, 0.235869, 0.165769, 0.234748
100, 45256470, 4, 0.000008, 0.000663, 0.000011
1000000, 23236069, 10, 0.231143, 0.089403, 0.241725
100, 36421778, 2, 0.000009, 0.000244, 0.000011
10000, 99526147, 4, 0.001462, 0.001067, 0.001523
100000, 15681689, 6, 0.017594, 0.010590, 0.018097
10000, 39861004, 6, 0.001409, 0.002256, 0.001530
1000000, 47278110, 2, 0.217066, 0.142124, 0.228557
1000, 40763310, 2, 0.000129, 0.000257, 0.000132
10000, 75243821, 8, 0.001465, 0.011013, 0.001432
10000, 61049880, 6, 0.001559, 0.002535, 0.001468
1000000, 41329531, 10, 0.224636, 0.083317, 0.239087
1000000, 44053124, 8, 0.211249, 0.059023, 0.238321
10000, 81587587, 6, 0.001624, 0.002405, 0.001700
100000, 15681689, 2, 0.017768, 0.009912, 0.018355
10000, 30443004, 2, 0.001451, 0.001357, 0.001463
100000, 15582592, 10, 0.018996, 0.065177, 0.018112
10000, 32028766, 6, 0.001442, 0.002453, 0.001416
100, 71842339, 10, 0.000009, 0.003895, 0.000028
1000000, 47278110, 10, 0.221353, 0.099569, 0.224523
100000, 75707398, 10, 0.017883, 0.080192, 0.020904
100000, 19067372, 8, 0.018565, 0.013230, 0.019192
100000, 35190196, 10, 0.018025, 0.063316, 0.021500
100, 83822700, 8, 0.000008, 0.001954, 0.000020
1000000, 42044899, 10, 0.207075, 0.081228, 0.222160
100, 12942730, 10, 0.000008, 0.003631, 0.000011
100, 3171073, 8, 0.000009, 0.002928, 0.000012
10000, 61049880, 4, 0.001461, 0.001213, 0.001546
10000, 78580659, 2, 0.001412, 0.001038, 0.001500
1000, 51378306, 6, 0.000115, 0.002043, 0.000122
1000000, 42044899, 8, 0.213897, 0.060110, 0.243764
1000000, 77168267, 10, 0.217820, 0.094950, 0.224138
1000000, 93292891, 4, 0.221237, 0.074196, 0.225592
100, 99834277, 4, 0.000008, 0.000441, 0.000011
100, 36421778, 10, 0.000008, 0.002910, 0.000011
100, 93350743, 2, 0.000008, 0.000158, 0.000011
100000, 42161965, 4, 0.019056, 0.012235, 0.022315
100000, 15582592, 2, 0.018343, 0.013371, 0.018733
1000, 83739628, 10, 0.000122, 0.024153, 0.000135
1000, 84764184, 8, 0.000105, 0.008358, 0.000135
100000, 91748771, 6, 0.018643, 0.009972, 0.019611
100, 83822700, 6, 0.000008, 0.000976, 0.000011
1000000, 23236069, 8, 0.222268, 0.058944, 0.233613
1000, 81967033, 6, 0.000115, 0.002083, 0.000123
1000, 54037029, 8, 0.000109, 0.009443, 0.000125
1000000, 35813594, 8, 0.235050, 0.069158, 0.216483
100, 39449314, 8, 0.000008, 0.002100, 0.000021
100, 4936171, 2, 0.000009, 0.000154, 0.000012
100, 71842339, 6, 0.000009, 0.000777, 0.000012
100000, 91748771, 10, 0.017456, 0.068642, 0.023882
10000, 45525493, 8, 0.001502, 0.009892, 0.001531
100000, 47364556, 10, 0.019889, 0.063873, 0.017724
1000, 94369625, 6, 0.000107, 0.002108, 0.000135
1000, 23260517, 2, 0.000114, 0.000208, 0.000114
100, 40807401, 4, 0.000009, 0.000447, 0.000030
100000, 64442335, 2, 0.017431, 0.013046, 0.017879
1000, 45399470, 8, 0.000121, 0.006799, 0.000121
100, 6929674, 10, 0.000010, 0.003099, 0.000023
100, 19520387, 8, 0.000009, 0.001776, 0.000020
1000000, 47278110, 8, 0.219755, 0.097968, 0.225662
100, 17419196, 8, 0.000008, 0.002021, 0.000013
100000, 20262078, 10, 0.017672, 0.072471, 0.018174
100, 7144938, 10, 0.000008, 0.003747, 0.000011
1000000, 41329531, 4, 0.223226, 0.086036, 0.223547
100000, 42161965, 2, 0.017743, 0.009074, 0.018096
1000, 23260517, 10, 0.000116, 0.008171, 0.000125
10000, 93358900, 6, 0.001517, 0.002562, 0.001450
1000, 79340271, 2, 0.000107, 0.000274, 0.000122
1000000, 77168267, 8, 0.215085, 0.073247, 0.226152
1000000, 66034221, 8, 0.217619, 0.055191, 0.227094
1000000, 69516193, 6, 0.218842, 0.063210, 0.233609
100000, 64442335, 4, 0.019549, 0.008551, 0.018763
10000, 81587587, 10, 0.001637, 0.049549, 0.001515
100, 7144938, 4, 0.000009, 0.000443, 0.000010
1000, 45399470, 2, 0.000117, 0.000265, 0.000123
1000000, 44053124, 10, 0.227883, 0.091193, 0.231900
100000, 64442335, 10, 0.018574, 0.068427, 0.020091
1000, 73115446, 8, 0.000182, 0.004834, 0.000139
10000, 32028766, 2, 0.001451, 0.000957, 0.001488
1000, 94369625, 2, 0.000125, 0.000279, 0.000131
10000, 61049880, 10, 0.001522, 0.034836, 0.001508
100000, 32021699, 6, 0.022637, 0.006356, 0.026199
100, 6929674, 4, 0.000010, 0.000526, 0.000011
10000, 67599709, 6, 0.001556, 0.002339, 0.001444
1000, 89291841, 4, 0.000105, 0.000545, 0.000121
1000000, 65008076, 4, 0.218504, 0.088123, 0.231046
100000, 35190196, 4, 0.020644, 0.006904, 0.018242
10000, 32028766, 8, 0.001473, 0.010127, 0.001556
1000, 51378306, 10, 0.000113, 0.017462, 0.000130
100, 12942730, 4, 0.000009, 0.000329, 0.000037
1000, 2024320, 4, 0.000116, 0.000581, 0.000144
100000, 97113040, 10, 0.018255, 0.064867, 0.019353
1000000, 48631631, 2, 0.222218, 0.071459, 0.235314
100000, 9347130, 4, 0.018081, 0.010276, 0.020222
1000, 35598095, 8, 0.000111, 0.005824, 0.000140
100000, 81685261, 8, 0.017930, 0.013148, 0.021417
100000, 67666059, 4, 0.017573, 0.010328, 0.018428
1000, 45092803, 8, 0.000125, 0.005625, 0.000124
1000000, 48631631, 10, 0.226539, 0.080929, 0.217587
1000, 79340271, 8, 0.000141, 0.008091, 0.000130
1000000, 42044899, 6, 0.221870, 0.071717, 0.225768
1000, 84764184, 2, 0.000118, 0.000214, 0.000122
10000, 78580659, 10, 0.001468, 0.324313, 0.001438
100, 13282884, 2, 0.000009, 0.000196, 0.000020
100, 13282884, 4, 0.000008, 0.000322, 0.000011
10000, 78580659, 8, 0.001825, 0.040148, 0.001569
10000, 93358900, 4, 0.001417, 0.000989, 0.001359
1000, 81967033, 10, 0.000106, 0.018689, 0.000126
1000, 52739488, 2, 0.000121, 0.000232, 0.000122
1000000, 47278110, 6, 0.232608, 0.089243, 0.219849
100, 83822700, 4, 0.000009, 0.000291, 0.000012
1000000, 34438526, 10, 0.216614, 0.081839, 0.236206
1000, 4572966, 4, 0.000110, 0.000560, 0.000114
1000, 52739488, 6, 0.000107, 0.002419, 0.000136
10000, 58462683, 8, 0.001405, 0.009010, 0.001513
1000, 98402345, 8, 0.000118, 0.006216, 0.000124
100000, 32021699, 2, 0.017413, 0.012463, 0.018194
10000, 44870870, 8, 0.001359, 0.010089, 0.001419
1000, 83739628, 8, 0.000213, 0.007416, 0.000122
100, 39449314, 10, 0.000009, 0.003636, 0.000020
10000, 78580659, 4, 0.001408, 0.001332, 0.001472
1000, 94369625, 4, 0.000106, 0.000574, 0.000133
10000, 56490710, 10, 0.001428, 0.047042, 0.001484
100, 25209990, 6, 0.000009, 0.001465, 0.000013
100, 99834277, 10, 0.000008, 0.003395, 0.000012
1000, 89291841, 2, 0.000106, 0.000232, 0.000166
100, 19520387, 6, 0.000009, 0.001377, 0.000012
100, 45256470, 8, 0.000008, 0.002463, 0.000023
1000000, 23236069, 2, 0.218400, 0.086776, 0.224168
10000, 26075799, 4, 0.001427, 0.001117, 0.001622
10000, 75243821, 6, 0.001541, 0.002369, 0.001432
1000, 81967033, 4, 0.000106, 0.000571, 0.000123
100, 4936171, 8, 0.000009, 0.002685, 0.000012
1000, 83739628, 2, 0.000106, 0.000225, 0.000123
100000, 94114917, 10, 0.017526, 0.044700, 0.019928
1000, 89291841, 8, 0.000174, 0.006625, 0.000123
10000, 26075799, 6, 0.001525, 0.002348, 0.001465
10000, 45525493, 6, 0.001418, 0.002292, 0.001521
1000000, 48631631, 4, 0.218333, 0.099642, 0.222439
100000, 15582592, 4, 0.017502, 0.006806, 0.018342
10000, 93358900, 8, 0.001718, 0.009801, 0.001372
1000, 10849390, 8, 0.000108, 0.007938, 0.000130
100000, 97113040, 8, 0.017967, 0.012136, 0.018095
1000000, 41329531, 6, 0.214256, 0.058636, 0.224478
100, 40807401, 10, 0.000008, 0.002313, 0.000022
1000, 45399470, 6, 0.000119, 0.001786, 0.000122
100, 39449314, 2, 0.000008, 0.000233, 0.000022
10000, 81587587, 2, 0.001355, 0.001051, 0.001439
1000000, 48631631, 8, 0.220020, 0.063900, 0.230436
1000000, 65008076, 2, 0.206917, 0.143742, 0.223616
100, 45256470, 6, 0.000009, 0.001659, 0.000034
1000, 4572966, 6, 0.000111, 0.002235, 0.000129
1000000, 23236069, 4, 0.217447, 0.107033, 0.218450
10000, 56671239, 8, 0.001407, 0.009921, 0.001503
1000000, 77168267, 2, 0.227077, 0.104769, 0.232112
10000, 56671239, 4, 0.002191, 0.001274, 0.001515
10000, 58462683, 6, 0.001487, 0.002503, 0.001573
100, 17419196, 6, 0.000009, 0.001491, 0.000025
1000000, 42859845, 6, 0.231951, 0.060551, 0.240545
100000, 67666059, 8, 0.018467, 0.013910, 0.018986
1000, 40763310, 4, 0.000111, 0.000575, 0.000126
10000, 32890574, 8, 0.001450, 0.012341, 0.002100
100, 98400667, 2, 0.000008, 0.000177, 0.000020
100000, 67428494, 10, 0.019063, 0.081956, 0.019407
1000, 45092803, 2, 0.000105, 0.000234, 0.000173
10000, 26075799, 2, 0.001517, 0.001042, 0.001533
100, 36421778, 6, 0.000010, 0.001488, 0.000012
1000, 68787479, 6, 0.000118, 0.002039, 0.000116
1000000, 70362538, 10, 0.218234, 0.109977, 0.232888
10000, 26075799, 10, 0.001444, 0.040802, 0.001595
1000, 23260517, 6, 0.000116, 0.001776, 0.000122
100000, 32021699, 10, 0.018420, 0.102654, 0.024194
10000, 58462683, 4, 0.001785, 0.001546, 0.001884
10000, 93358900, 10, 0.001631, 0.051794, 0.001611
100, 99834277, 6, 0.000008, 0.001125, 0.000013
10000, 67599709, 4, 0.001551, 0.001067, 0.001569
1000, 68787479, 8, 0.000118, 0.005955, 0.000116
1000000, 34438526, 8, 0.233936, 0.059608, 0.244669
100000, 67666059, 2, 0.018544, 0.011181, 0.020470
1000, 4572966, 2, 0.000124, 0.000287, 0.000120
1000, 45092803, 4, 0.000119, 0.000625, 0.000120
100, 12942730, 2, 0.000009, 0.000187, 0.000012
1000, 98402345, 2, 0.000119, 0.000273, 0.000116
100000, 20262078, 4, 0.018401, 0.006496, 0.018900
100, 7144938, 6, 0.000010, 0.001539, 0.000011
1000000, 66034221, 4, 0.227156, 0.089587, 0.235926
100, 98400667, 8, 0.000009, 0.002397, 0.000051
10000, 5990575, 2, 0.001496, 0.000890, 0.001501
1000000, 77168267, 6, 0.227481, 0.064759, 0.226457
1000, 94369625, 8, 0.000106, 0.007516, 0.000139
10000, 58462683, 2, 0.001367, 0.000920, 0.001468
100000, 42161965, 10, 0.017926, 0.061780, 0.018535
100, 7144938, 2, 0.000009, 0.000174, 0.000011
1000, 89291841, 10, 0.000121, 0.013608, 0.000122
1000000, 41329531, 2, 0.210195, 0.179105, 0.224234
1000000, 57631957, 6, 0.206638, 0.061012, 0.218526
1000, 73115446, 10, 0.000108, 0.009862, 0.000176
100000, 42161965, 8, 0.017357, 0.012125, 0.019214
1000, 35598095, 10, 0.000129, 0.008042, 0.000124
100, 83822700, 2, 0.000009, 0.000166, 0.000012
100, 6929674, 6, 0.000008, 0.001570, 0.000011
1000, 51378306, 4, 0.000121, 0.000526, 0.000121
100, 25209990, 8, 0.000009, 0.002018, 0.000011
10000, 39861004, 4, 0.001429, 0.000917, 0.001431
100000, 30211849, 4, 0.018750, 0.007699, 0.018346
100, 36421778, 8, 0.000008, 0.002615, 0.000012
1000, 94369625, 10, 0.000109, 0.007427, 0.000123
100000, 19067372, 4, 0.017916, 0.010098, 0.018073
10000, 44870870, 10, 0.001484, 0.034998, 0.001447
100, 25209990, 4, 0.000008, 0.000652, 0.000021
100, 35975500, 10, 0.000008, 0.003721, 0.000012
10000, 30443004, 10, 0.001602, 0.037161, 0.001453
100000, 66797791, 2, 0.017244, 0.012797, 0.018752
100, 35975500, 6, 0.000008, 0.001413, 0.000022
10000, 56671239, 6, 0.001528, 0.002606, 0.001447
1000, 52739488, 10, 0.000121, 0.010685, 0.000122
10000, 58462683, 10, 0.001482, 0.041639, 0.001498
10000, 44870870, 2, 0.001368, 0.001396, 0.001423
10000, 32890574, 2, 0.001455, 0.000929, 0.001484
1000000, 44053124, 2, 0.216271, 0.163165, 0.227785
10000, 30443004, 6, 0.001475, 0.002438, 0.001442
10000, 43347446, 10, 0.001577, 0.039794, 0.001529
10000, 99526147, 8, 0.001516, 0.009297, 0.001389
100000, 47364556, 6, 0.021726, 0.006233, 0.018089
100000, 47364556, 4, 0.017854, 0.005702, 0.018545
100, 7144938, 8, 0.000008, 0.003162, 0.000027
1000, 54037029, 10, 0.000104, 0.012195, 0.000141
1000000, 66034221, 6, 0.227478, 0.058682, 0.221631
100000, 94114917, 2, 0.017636, 0.011156, 0.018825
1000000, 13720830, 6, 0.218046, 0.076270, 0.220900
1000, 54037029, 6, 0.000116, 0.002127, 0.000113
100, 98400667, 4, 0.000008, 0.000572, 0.000028
1000, 4572966, 10, 0.000106, 0.017132, 0.000119
1000, 2024320, 6, 0.000116, 0.002236, 0.000123
100, 45256470, 10, 0.000009, 0.003448, 0.000012
1000, 54037029, 4, 0.000106, 0.000620, 0.000120
100000, 97874983, 6, 0.017573, 0.005582, 0.022097
10000, 56490710, 4, 0.001442, 0.000886, 0.001446
1000, 45092803, 6, 0.000105, 0.002322, 0.000120
100000, 97874983, 2, 0.017635, 0.010877, 0.018057
100, 98400667, 6, 0.000008, 0.001076, 0.000012
100000, 9347130, 6, 0.017690, 0.007909, 0.019964
100000, 35190196, 8, 0.018222, 0.012367, 0.017930
10000, 32890574, 4, 0.001446, 0.000997, 0.001514
100000, 97113040, 2, 0.017726, 0.008399, 0.017902
1000000, 80402368, 10, 0.220043, 0.085084, 0.230384
1000000, 57631957, 2, 0.217490, 0.161239, 0.223465
1000000, 54118889, 10, 0.213228, 0.103202, 0.235783
1000000, 35813594, 4, 0.217318, 0.150010, 0.223009
10000, 56490710, 6, 0.001888, 0.002788, 0.001537
1000000, 13720830, 4, 0.209444, 0.101211, 0.219316
10000, 32890574, 10, 0.001520, 0.037427, 0.001451
1000000, 93292891, 2, 0.223339, 0.125191, 0.228234
1000000, 42859845, 4, 0.214955, 0.097517, 0.226247
100, 83822700, 10, 0.000009, 0.003379, 0.000028
1000000, 70362538, 4, 0.218908, 0.069020, 0.220842
1000, 4572966, 8, 0.000119, 0.003948, 0.000139
1000000, 47278110, 4, 0.213432, 0.089774, 0.220368
100000, 66797791, 10, 0.017900, 0.062570, 0.019385
100, 40807401, 8, 0.000008, 0.002186, 0.000012
10000, 35823625, 4, 0.001631, 0.000958, 0.001576
100, 35975500, 8, 0.000008, 0.003481, 0.000020
1000, 35598095, 2, 0.000107, 0.000302, 0.000120
100000, 67428494, 4, 0.017612, 0.007787, 0.018385
100, 19520387, 10, 0.000009, 0.003313, 0.000012
1000, 2024320, 8, 0.000118, 0.005003, 0.000122
100000, 64442335, 6, 0.018421, 0.007325, 0.018217
10000, 5990575, 10, 0.001409, 0.047441, 0.001382
10000, 32028766, 10, 0.001455, 0.059290, 0.001469
100000, 67666059, 6, 0.017429, 0.007560, 0.018234
100, 85407608, 10, 0.000008, 0.003766, 0.000012
10000, 39861004, 8, 0.001474, 0.008194, 0.001587
1000, 84764184, 10, 0.000108, 0.022023, 0.000133
10000, 67599709, 10, 0.001408, 0.040261, 0.001500
1000, 89291841, 6, 0.000118, 0.002143, 0.000126
100, 99834277, 2, 0.000011, 0.000197, 0.000013
1000000, 42859845, 8, 0.215956, 0.060857, 0.222303
1000000, 13720830, 10, 0.222442, 0.083714, 0.227555
100000, 97113040, 6, 0.017913, 0.010342, 0.018350
100000, 19067372, 6, 0.017802, 0.008864, 0.018960
1000000, 77168267, 4, 0.221031, 0.077099, 0.217484
100000, 15681689, 4, 0.017797, 0.009512, 0.018559
1000000, 13720830, 2, 0.211927, 0.082294, 0.230588
100, 85407608, 8, 0.000008, 0.002279, 0.000023
10000, 81587587, 8, 0.001444, 0.009975, 0.001549
1000000, 42859845, 10, 0.227324, 0.091968, 0.227257
1000000, 80402368, 2, 0.216613, 0.098128, 0.215182
1000000, 34438526, 4, 0.214561, 0.069644, 0.223219
100000, 91748771, 2, 0.017774, 0.009662, 0.018238
10000, 39861004, 2, 0.001508, 0.000941, 0.001503
100, 40807401, 2, 0.000008, 0.000214, 0.000010
100, 71842339, 8, 0.000008, 0.002850, 0.000021
10000, 44870870, 6, 0.001395, 0.002462, 0.001514
1000, 79340271, 10, 0.000104, 0.020260, 0.000143
10000, 35823625, 8, 0.001471, 0.012374, 0.001468
1000000, 57631957, 8, 0.227125, 0.053109, 0.219076
1000000, 69516193, 8, 0.211281, 0.054574, 0.217291
10000, 30443004, 4, 0.001459, 0.000935, 0.001523
100, 98400667, 10, 0.000009, 0.003678, 0.000025
10000, 61049880, 8, 0.001461, 0.009581, 0.001474
100, 93350743, 10, 0.000008, 0.002853, 0.000012
1000, 35598095, 6, 0.000119, 0.002014, 0.000137
100000, 30211849, 6, 0.018945, 0.006879, 0.019683
1000000, 47832965, 10, 0.226203, 0.083195, 0.232122
1000, 2024320, 2, 0.000117, 0.000219, 0.000123
1000000, 54118889, 4, 0.221574, 0.100015, 0.227406
10000, 61049880, 2, 0.001503, 0.000944, 0.001463
100000, 15681689, 8, 0.018215, 0.013818, 0.019596
1000000, 35813594, 6, 0.238474, 0.065265, 0.226408
100000, 9347130, 10, 0.017872, 0.044079, 0.018129
100000, 9347130, 8, 0.017713, 0.011809, 0.017946
10000, 93358900, 2, 0.001487, 0.001146, 0.001521
10000, 35823625, 10, 0.001546, 0.046572, 0.001397
1000000, 69516193, 2, 0.225484, 0.199503, 0.226884
100, 4936171, 6, 0.000009, 0.001613, 0.000012
100000, 20262078, 8, 0.017904, 0.013087, 0.018485
100, 35975500, 4, 0.000012, 0.000593, 0.000012
1000, 84764184, 4, 0.000107, 0.000593, 0.000122
100, 12942730, 6, 0.000008, 0.002200, 0.000011
1000, 84764184, 6, 0.000117, 0.001962, 0.000128
10000, 56490710, 2, 0.001366, 0.001081, 0.001396
1000, 10849390, 6, 0.000107, 0.002188, 0.000128
100000, 94114917, 6, 0.017893, 0.006968, 0.019711
1000, 51378306, 8, 0.000114, 0.005352, 0.000140
10000, 26075799, 8, 0.001338, 0.010054, 0.001424
10000, 43347446, 6, 0.001434, 0.002577, 0.001420
